mean_reward,person_escaped,person_dead,time-consuming,avg_health
2005.1499085188275,140,0,99,97.746003324668
2009.9290915838756,140,0,99,97.61180954848363
