mean_reward,person_escaped,person_dead,time-consuming,avg_health
2036.1168935133412,140,0,100,97.80643841759736
2010.5238274942278,140,0,99,98.29750629300796
